title,id,view_count,sub_count,video_count,topics,date,sub_count_prev,new_subscribers,view_count_prev,new_views
עיר לחיות בה - Livable City,UColRBoKXdSv6fn-5LvA8tNw,694262,10500,47,['Society'],18/09/2024,,,,
עיר לחיות בה - Livable City,UColRBoKXdSv6fn-5LvA8tNw,694835,10502,47,['Society'],19/09/2024,10500,2,694262,573
עיר לחיות בה - Livable City,UColRBoKXdSv6fn-5LvA8tNw,695004,10507,47,['Society'],20/09/2024,10502,5,694835,169
עיר לחיות בה - Livable City,UColRBoKXdSv6fn-5LvA8tNw,695312,10513,47,['Society'],21/09/2024,10507,6,695004,308
עיר לחיות בה - Livable City,UColRBoKXdSv6fn-5LvA8tNw,695728,10514,47,['Society'],22/09/2024,10513,1,695312,416
עיר לחיות בה - Livable City,UColRBoKXdSv6fn-5LvA8tNw,696063,10518,47,['Society'],23/09/2024,10514,4,695728,335
עיר לחיות בה - Livable City,UColRBoKXdSv6fn-5LvA8tNw,696356,10521,47,['Society'],24/09/2024,10518,3,696063,293
עיר לחיות בה - Livable City,UColRBoKXdSv6fn-5LvA8tNw,696513,10522,47,['Society'],25/09/2024,10521,1,696356,157
עיר לחיות בה - Livable City,UColRBoKXdSv6fn-5LvA8tNw,696648,10524,47,['Society'],26/09/2024,10522,2,696513,135
עיר לחיות בה - Livable City,UColRBoKXdSv6fn-5LvA8tNw,696795,10526,47,['Society'],27/09/2024,10524,2,696648,147
עיר לחיות בה - Livable City,UColRBoKXdSv6fn-5LvA8tNw,696917,10527,47,['Society'],28/09/2024,10526,1,696795,122
עיר לחיות בה - Livable City,UColRBoKXdSv6fn-5LvA8tNw,697245,10529,47,['Society'],29/09/2024,10527,2,696917,328
עיר לחיות בה - Livable City,UColRBoKXdSv6fn-5LvA8tNw,697351,10532,47,['Society'],30/09/2024,10529,3,697245,106
עיר לחיות בה - Livable City,UColRBoKXdSv6fn-5LvA8tNw,697396,10534,47,['Society'],01/10/2024,10532,2,697351,45
עיר לחיות בה - Livable City,UColRBoKXdSv6fn-5LvA8tNw,697467,10537,47,['Society'],02/10/2024,10534,3,697396,71
Ben From Canada,UCPRhtk3qWJ7yTodBhy3h7Bg,7722357,132000,16,"['Entertainment', 'Music', 'Pop_music', 'Film', 'Electronic_music']",18/09/2024,0,,0,
Ben From Canada,UCPRhtk3qWJ7yTodBhy3h7Bg,7722357,133000,16,"['Pop_music', 'Music', 'Entertainment', 'Film', 'Electronic_music']",19/09/2024,132000,1000,7722357,0
Ben From Canada,UCPRhtk3qWJ7yTodBhy3h7Bg,7722357,134019,16,"['Pop_music', 'Music', 'Entertainment', 'Film', 'Electronic_music']",20/09/2024,133000,1019,7722357,0
Ben From Canada,UCPRhtk3qWJ7yTodBhy3h7Bg,7722357,135088,16,"['Pop_music', 'Music', 'Entertainment', 'Film', 'Electronic_music']",21/09/2024,134019,1069,7722357,0
Ben From Canada,UCPRhtk3qWJ7yTodBhy3h7Bg,7722357,136233,16,"['Pop_music', 'Music', 'Entertainment', 'Film', 'Electronic_music']",22/09/2024,135088,1145,7722357,0
Ben From Canada,UCPRhtk3qWJ7yTodBhy3h7Bg,7722357,137236,16,"['Pop_music', 'Music', 'Entertainment', 'Film', 'Electronic_music']",23/09/2024,136233,1003,7722357,0
Ben From Canada,UCPRhtk3qWJ7yTodBhy3h7Bg,7722357,138201,16,"['Pop_music', 'Music', 'Entertainment', 'Film', 'Electronic_music']",24/09/2024,137236,965,7722357,0
Ben From Canada,UCPRhtk3qWJ7yTodBhy3h7Bg,7722357,138916,16,"['Pop_music', 'Music', 'Entertainment', 'Film', 'Electronic_music']",25/09/2024,138201,715,7722357,0
Ben From Canada,UCPRhtk3qWJ7yTodBhy3h7Bg,7722357,139423,16,"['Pop_music', 'Music', 'Entertainment', 'Film', 'Electronic_music']",26/09/2024,138916,507,7722357,0
Ben From Canada,UCPRhtk3qWJ7yTodBhy3h7Bg,7722357,139987,16,"['Pop_music', 'Music', 'Entertainment', 'Film', 'Electronic_music']",27/09/2024,139423,564,7722357,0
Ben From Canada,UCPRhtk3qWJ7yTodBhy3h7Bg,7722357,140621,16,"['Pop_music', 'Music', 'Entertainment', 'Film', 'Electronic_music']",28/09/2024,139987,634,7722357,0
Ben From Canada,UCPRhtk3qWJ7yTodBhy3h7Bg,7722457,141588,16,"['Pop_music', 'Music', 'Entertainment', 'Film', 'Electronic_music']",29/09/2024,140621,967,7722357,100
Ben From Canada,UCPRhtk3qWJ7yTodBhy3h7Bg,7722497,142588,16,"['Pop_music', 'Music', 'Entertainment', 'Film', 'Electronic_music']",30/09/2024,141588,1000,7722457,40
Ben From Canada,UCPRhtk3qWJ7yTodBhy3h7Bg,7722530,143506,16,"['Pop_music', 'Music', 'Entertainment', 'Film', 'Electronic_music']",01/10/2024,142588,918,7722497,33
Ben From Canada,UCPRhtk3qWJ7yTodBhy3h7Bg,7722550,144346,16,"['Pop_music', 'Music', 'Entertainment', 'Film', 'Electronic_music']",02/10/2024,143506,840,7722530,20
BeStreetStudio,UCav5X91RA6OYeBc4nl1aoaA,27778103,87100,1333,"['Performing_arts', 'Hip_hop_music', 'Pop_music', 'Music', 'Music_of_Latin_America', 'Electronic_music', 'Entertainment']",20/09/2024,144346,0,7722550,0
BeStreetStudio,UCav5X91RA6OYeBc4nl1aoaA,27778894,87167,1333,"['Performing_arts', 'Hip_hop_music', 'Pop_music', 'Music', 'Music_of_Latin_America', 'Electronic_music']",21/09/2024,87100,67,27778103,791
BeStreetStudio,UCav5X91RA6OYeBc4nl1aoaA,27778980,87218,1334,"['Performing_arts', 'Hip_hop_music', 'Pop_music', 'Music', 'Music_of_Latin_America', 'Electronic_music', 'Entertainment']",22/09/2024,87167,51,27778894,86
BeStreetStudio,UCav5X91RA6OYeBc4nl1aoaA,27779015,87258,1334,"['Performing_arts', 'Hip_hop_music', 'Pop_music', 'Music', 'Electronic_music', 'Entertainment', 'Music_of_Latin_America']",23/09/2024,87218,40,27778980,35
BeStreetStudio,UCav5X91RA6OYeBc4nl1aoaA,27779045,87308,1334,"['Performing_arts', 'Hip_hop_music', 'Pop_music', 'Music', 'Music_of_Latin_America', 'Electronic_music', 'Entertainment']",26/09/2024,87258,50,27779015,30
BeStreetStudio,UCav5X91RA6OYeBc4nl1aoaA,27779085,87363,1334,"['Performing_arts', 'Hip_hop_music', 'Pop_music', 'Music', 'Music_of_Latin_America', 'Electronic_music', 'Entertainment']",27/09/2024,87308,55,27779045,40
BeStreetStudio,UCav5X91RA6OYeBc4nl1aoaA,27779105,87407,1334,"['Performing_arts', 'Hip_hop_music', 'Pop_music', 'Music', 'Music_of_Latin_America', 'Electronic_music', 'Entertainment']",28/09/2024,87363,44,27779085,20
BeStreetStudio,UCav5X91RA6OYeBc4nl1aoaA,27779550,87469,1335,"['Performing_arts', 'Hip_hop_music', 'Pop_music', 'Music', 'Music_of_Latin_America', 'Electronic_music', 'Entertainment']",29/09/2024,87407,62,27779105,445
BeStreetStudio,UCav5X91RA6OYeBc4nl1aoaA,27779632,87542,1335,"['Performing_arts', 'Hip_hop_music', 'Pop_music', 'Music', 'Music_of_Latin_America', 'Electronic_music', 'Entertainment']",30/09/2024,87469,73,27779550,82
BeStreetStudio,UCav5X91RA6OYeBc4nl1aoaA,27779689,87573,1335,"['Performing_arts', 'Hip_hop_music', 'Pop_music', 'Music', 'Music_of_Latin_America', 'Electronic_music', 'Entertainment']",01/10/2024,87542,31,27779632,57
BeStreetStudio,UCav5X91RA6OYeBc4nl1aoaA,27779716,87602,1335,"['Performing_arts', 'Hip_hop_music', 'Pop_music', 'Music', 'Music_of_Latin_America', 'Electronic_music', 'Entertainment']",02/10/2024,87573,29,27779689,27
Brad Polumbo,UClFUXoMmjzaeD5RjGPNGHSQ,47051610,139000,1573,"['Society', 'Politics']",18/09/2024,0,,0,
Brad Polumbo,UClFUXoMmjzaeD5RjGPNGHSQ,47095458,142000,1574,"['Society', 'Politics']",19/09/2024,139000,3000,47051610,43848
Brad Polumbo,UClFUXoMmjzaeD5RjGPNGHSQ,47136330,145000,1575,"['Politics', 'Society']",20/09/2024,142000,3000,47095458,40872
Brad Polumbo,UClFUXoMmjzaeD5RjGPNGHSQ,47168082,148000,1576,"['Politics', 'Society']",21/09/2024,145000,3000,47136330,31752
Brad Polumbo,UClFUXoMmjzaeD5RjGPNGHSQ,47202241,151000,1577,"['Politics', 'Society']",22/09/2024,148000,3000,47168082,34159
Brad Polumbo,UClFUXoMmjzaeD5RjGPNGHSQ,47235342,154000,1577,"['Society', 'Politics']",23/09/2024,151000,3000,47202241,33101
Brad Polumbo,UClFUXoMmjzaeD5RjGPNGHSQ,47292239,156000,1577,"['Society', 'Politics']",24/09/2024,154000,2000,47235342,56897
Brad Polumbo,UClFUXoMmjzaeD5RjGPNGHSQ,47293239,158000,1577,"['Politics', 'Society']",25/09/2024,156000,2000,47292239,1000
Brad Polumbo,UClFUXoMmjzaeD5RjGPNGHSQ,47293439,160500,1577,"['Society', 'Politics']",26/09/2024,158000,2500,47293239,200
Brad Polumbo,UClFUXoMmjzaeD5RjGPNGHSQ,47294539,163100,1577,"['Society', 'Politics']",27/09/2024,160500,2600,47293439,1100
Brad Polumbo,UClFUXoMmjzaeD5RjGPNGHSQ,47295639,165140,1578,"['Society', 'Politics']",28/09/2024,163100,2040,47294539,1100
Brad Polumbo,UClFUXoMmjzaeD5RjGPNGHSQ,47299739,167440,1578,"['Society', 'Politics']",29/09/2024,165140,2300,47295639,4100
Brad Polumbo,UClFUXoMmjzaeD5RjGPNGHSQ,47300839,170940,1578,"['Society', 'Politics']",30/09/2024,167440,3500,47299739,1100
Brad Polumbo,UClFUXoMmjzaeD5RjGPNGHSQ,47301739,173740,1578,"['Society', 'Politics']",01/10/2024,170940,2800,47300839,900
Brad Polumbo,UClFUXoMmjzaeD5RjGPNGHSQ,47301909,175740,1578,"['Society', 'Politics']",02/10/2024,173740,2000,47301739,170
Bryce Edward Brown,UCEl1uPV2NjW0xzceOth7Hbw,71018849,277000,332,"['Entertainment', 'Film', 'Video_game_culture']",18/09/2024,0,,0,
Bryce Edward Brown,UCEl1uPV2NjW0xzceOth7Hbw,71038506,278000,332,"['Entertainment', 'Film', 'Video_game_culture']",19/09/2024,277000,1000,71018849,19657
Bryce Edward Brown,UCEl1uPV2NjW0xzceOth7Hbw,71062335,279000,332,"['Video_game_culture', 'Film', 'Entertainment']",20/09/2024,278000,1000,71038506,23829
Bryce Edward Brown,UCEl1uPV2NjW0xzceOth7Hbw,71084831,280000,332,"['Entertainment', 'Film', 'Video_game_culture']",21/09/2024,279000,1000,71062335,22496
Bryce Edward Brown,UCEl1uPV2NjW0xzceOth7Hbw,71106562,281000,332,"['Entertainment', 'Film', 'Video_game_culture']",22/09/2024,280000,1000,71084831,21731
Bryce Edward Brown,UCEl1uPV2NjW0xzceOth7Hbw,71127842,282000,332,"['Entertainment', 'Film', 'Video_game_culture']",23/09/2024,281000,1000,71106562,21280
Bryce Edward Brown,UCEl1uPV2NjW0xzceOth7Hbw,71166383,283050,332,"['Entertainment', 'Film', 'Video_game_culture']",24/09/2024,282000,1050,71127842,38541
Bryce Edward Brown,UCEl1uPV2NjW0xzceOth7Hbw,71167383,284110,332,"['Video_game_culture', 'Film', 'Entertainment']",25/09/2024,283050,1060,71166383,1000
Bryce Edward Brown,UCEl1uPV2NjW0xzceOth7Hbw,71168883,285174,332,"['Entertainment', 'Film', 'Video_game_culture']",26/09/2024,284110,1064,71167383,1500
Bryce Edward Brown,UCEl1uPV2NjW0xzceOth7Hbw,71170061,286238,332,"['Entertainment', 'Film', 'Video_game_culture']",27/09/2024,285174,1064,71168883,1178
Bryce Edward Brown,UCEl1uPV2NjW0xzceOth7Hbw,71175848,287302,332,"['Entertainment', 'Film', 'Video_game_culture']",28/09/2024,286238,1064,71170061,5787
Bryce Edward Brown,UCEl1uPV2NjW0xzceOth7Hbw,71222053,288366,332,"['Entertainment', 'Film', 'Video_game_culture']",29/09/2024,287302,1064,71175848,46205
Bryce Edward Brown,UCEl1uPV2NjW0xzceOth7Hbw,71253061,289430,332,"['Entertainment', 'Film', 'Video_game_culture']",30/09/2024,288366,1064,71222053,31008
Bryce Edward Brown,UCEl1uPV2NjW0xzceOth7Hbw,71256383,290494,332,"['Entertainment', 'Film', 'Video_game_culture']",01/10/2024,289430,1064,71253061,3322
Bryce Edward Brown,UCEl1uPV2NjW0xzceOth7Hbw,71261383,291558,332,"['Entertainment', 'Film', 'Video_game_culture']",02/10/2024,290494,1064,71256383,5000
Dylan,UCOhzOImpPwT1klYmttywq3w,36934295,557000,21,"['Lifestyle_(sociology)', 'Food']",18/09/2024,0,,0,
Dylan,UCOhzOImpPwT1klYmttywq3w,36962487,560000,21,"['Food', 'Lifestyle_(sociology)']",19/09/2024,557000,3000,36934295,28192
Dylan,UCOhzOImpPwT1klYmttywq3w,36995314,562000,21,"['Food', 'Lifestyle_(sociology)']",20/09/2024,560000,2000,36962487,32827
Dylan,UCOhzOImpPwT1klYmttywq3w,37023447,565000,21,"['Food', 'Lifestyle_(sociology)']",21/09/2024,562000,3000,36995314,28133
Dylan,UCOhzOImpPwT1klYmttywq3w,37023447,569000,21,"['Food', 'Lifestyle_(sociology)']",22/09/2024,565000,4000,37023447,0
Dylan,UCOhzOImpPwT1klYmttywq3w,37092125,573000,21,"['Lifestyle_(sociology)', 'Food']",23/09/2024,569000,4000,37023447,68678
Dylan,UCOhzOImpPwT1klYmttywq3w,37102125,576000,21,"['Food', 'Lifestyle_(sociology)']",24/09/2024,573000,3000,37092125,10000
Dylan,UCOhzOImpPwT1klYmttywq3w,37107125,579000,21,"['Food', 'Lifestyle_(sociology)']",25/09/2024,576000,3000,37102125,5000
Dylan,UCOhzOImpPwT1klYmttywq3w,37113125,581500,21,"['Food', 'Lifestyle_(sociology)']",26/09/2024,579000,2500,37107125,6000
Dylan,UCOhzOImpPwT1klYmttywq3w,37114125,584500,21,"['Food', 'Lifestyle_(sociology)']",27/09/2024,581500,3000,37113125,1000
Dylan,UCOhzOImpPwT1klYmttywq3w,37117125,587500,21,"['Food', 'Lifestyle_(sociology)']",28/09/2024,584500,3000,37114125,3000
Dylan,UCOhzOImpPwT1klYmttywq3w,37160125,591500,21,"['Food', 'Lifestyle_(sociology)']",29/09/2024,587500,4000,37117125,43000
Dylan,UCOhzOImpPwT1klYmttywq3w,37162625,595000,21,"['Food', 'Lifestyle_(sociology)']",30/09/2024,591500,3500,37160125,2500
Dylan,UCOhzOImpPwT1klYmttywq3w,37164125,598000,21,"['Food', 'Lifestyle_(sociology)']",01/10/2024,595000,3000,37162625,1500
Dylan,UCOhzOImpPwT1klYmttywq3w,37171125,601000,21,"['Food', 'Lifestyle_(sociology)']",02/10/2024,598000,3000,37164125,7000
Evasive,UCUGZFAqUNtF_kJF80XOa5zQ,5498146,93200,101,"['Film', 'Entertainment']",18/09/2024,0,,0,
Evasive,UCUGZFAqUNtF_kJF80XOa5zQ,5503067,93600,101,"['Entertainment', 'Film']",19/09/2024,93200,400,5498146,4921
Evasive,UCUGZFAqUNtF_kJF80XOa5zQ,5507875,93900,101,"['Film', 'Entertainment']",20/09/2024,93600,300,5503067,4808
Evasive,UCUGZFAqUNtF_kJF80XOa5zQ,5511195,94400,101,"['Film', 'Entertainment']",21/09/2024,93900,500,5507875,3320
Evasive,UCUGZFAqUNtF_kJF80XOa5zQ,5511195,95000,101,"['Film', 'Entertainment']",22/09/2024,94400,600,5511195,0
Evasive,UCUGZFAqUNtF_kJF80XOa5zQ,5518223,95600,101,"['Entertainment', 'Film']",23/09/2024,95000,600,5511195,7028
Evasive,UCUGZFAqUNtF_kJF80XOa5zQ,5525019,95900,101,"['Entertainment', 'Film']",24/09/2024,95600,300,5518223,6796
Evasive,UCUGZFAqUNtF_kJF80XOa5zQ,5528019,96200,101,"['Film', 'Entertainment']",25/09/2024,95900,300,5525019,3000
Evasive,UCUGZFAqUNtF_kJF80XOa5zQ,5531019,96600,101,"['Entertainment', 'Film']",26/09/2024,96200,400,5528019,3000
Evasive,UCUGZFAqUNtF_kJF80XOa5zQ,5534895,97100,101,"['Entertainment', 'Film']",27/09/2024,96600,500,5531019,3876
Evasive,UCUGZFAqUNtF_kJF80XOa5zQ,5538475,97650,101,"['Entertainment', 'Film']",28/09/2024,97100,550,5534895,3580
Evasive,UCUGZFAqUNtF_kJF80XOa5zQ,5546006,98250,101,"['Entertainment', 'Film']",29/09/2024,97650,600,5538475,7531
Evasive,UCUGZFAqUNtF_kJF80XOa5zQ,5554006,98900,101,"['Entertainment', 'Film']",30/09/2024,98250,650,5546006,8000
Evasive,UCUGZFAqUNtF_kJF80XOa5zQ,5557475,99500,101,"['Entertainment', 'Film']",01/10/2024,98900,600,5554006,3469
Evasive,UCUGZFAqUNtF_kJF80XOa5zQ,5562869,100000,101,"['Entertainment', 'Film']",02/10/2024,99500,500,5557475,5394
Flying Walrus,UCVjy_lwLY7Ypj4maT8roeLA,8251376,65700,194,"['Action-adventure_game', 'Action_game', 'Role-playing_video_game', 'Video_game_culture', 'Film', 'Entertainment']",18/09/2024,0,,0,
Flying Walrus,UCVjy_lwLY7Ypj4maT8roeLA,8256046,65800,194,"['Action-adventure_game', 'Action_game', 'Role-playing_video_game', 'Video_game_culture', 'Film', 'Entertainment']",19/09/2024,65700,100,8251376,4670
Flying Walrus,UCVjy_lwLY7Ypj4maT8roeLA,8260585,65900,194,"['Action-adventure_game', 'Film', 'Role-playing_video_game', 'Video_game_culture', 'Entertainment', 'Action_game']",20/09/2024,65800,100,8256046,4539
Flying Walrus,UCVjy_lwLY7Ypj4maT8roeLA,8265007,66100,194,"['Action-adventure_game', 'Film', 'Role-playing_video_game', 'Video_game_culture', 'Entertainment', 'Action_game']",21/09/2024,65900,200,8260585,4422
Flying Walrus,UCVjy_lwLY7Ypj4maT8roeLA,8265098,66400,195,"['Action-adventure_game', 'Film', 'Role-playing_video_game', 'Video_game_culture', 'Action_game', 'Entertainment']",22/09/2024,66100,300,8265007,91
Flying Walrus,UCVjy_lwLY7Ypj4maT8roeLA,8275102,66660,194,"['Action-adventure_game', 'Entertainment', 'Role-playing_video_game', 'Video_game_culture', 'Action_game', 'Film']",23/09/2024,66400,260,8265098,10004
Flying Walrus,UCVjy_lwLY7Ypj4maT8roeLA,8285392,66863,194,"['Action-adventure_game', 'Action_game', 'Role-playing_video_game', 'Video_game_culture', 'Film', 'Entertainment']",24/09/2024,66660,203,8275102,10290
Flying Walrus,UCVjy_lwLY7Ypj4maT8roeLA,8289392,67063,194,"['Action-adventure_game', 'Entertainment', 'Role-playing_video_game', 'Video_game_culture', 'Action_game', 'Film']",25/09/2024,66863,200,8285392,4000
Flying Walrus,UCVjy_lwLY7Ypj4maT8roeLA,8293454,67315,194,"['Action-adventure_game', 'Action_game', 'Role-playing_video_game', 'Video_game_culture', 'Film', 'Entertainment']",26/09/2024,67063,252,8289392,4062
Flying Walrus,UCVjy_lwLY7Ypj4maT8roeLA,8297701,67515,194,"['Action-adventure_game', 'Action_game', 'Role-playing_video_game', 'Video_game_culture', 'Film', 'Entertainment']",27/09/2024,67315,200,8293454,4247
Flying Walrus,UCVjy_lwLY7Ypj4maT8roeLA,8302935,67755,194,"['Action-adventure_game', 'Action_game', 'Role-playing_video_game', 'Video_game_culture', 'Film', 'Entertainment']",28/09/2024,67515,240,8297701,5234
Flying Walrus,UCVjy_lwLY7Ypj4maT8roeLA,8310070,68055,195,"['Action-adventure_game', 'Action_game', 'Role-playing_video_game', 'Video_game_culture', 'Film', 'Entertainment']",29/09/2024,67755,300,8302935,7135
Flying Walrus,UCVjy_lwLY7Ypj4maT8roeLA,8321181,68330,194,"['Action-adventure_game', 'Action_game', 'Role-playing_video_game', 'Video_game_culture', 'Film', 'Entertainment']",30/09/2024,68055,275,8310070,11111
Flying Walrus,UCVjy_lwLY7Ypj4maT8roeLA,8330701,68580,194,"['Action-adventure_game', 'Action_game', 'Role-playing_video_game', 'Video_game_culture', 'Film', 'Entertainment']",01/10/2024,68330,250,8321181,9520
Flying Walrus,UCVjy_lwLY7Ypj4maT8roeLA,8337701,68832,194,"['Action-adventure_game', 'Action_game', 'Role-playing_video_game', 'Video_game_culture', 'Film', 'Entertainment']",02/10/2024,68580,252,8330701,7000
Friendly Space Ninja,UCLuI5IP4nBr82VxClxp7Teg,91065888,676000,70,"['Film', 'Humour', 'Television_program', 'Entertainment']",18/09/2024,0,,0,
Friendly Space Ninja,UCLuI5IP4nBr82VxClxp7Teg,91111009,677000,70,"['Television_program', 'Film', 'Entertainment', 'Humour']",19/09/2024,676000,1000,91065888,45121
Friendly Space Ninja,UCLuI5IP4nBr82VxClxp7Teg,91156758,678200,70,"['Film', 'Television_program', 'Entertainment', 'Humour']",20/09/2024,677000,1200,91111009,45749
Friendly Space Ninja,UCLuI5IP4nBr82VxClxp7Teg,91194182,679703,70,"['Television_program', 'Film', 'Entertainment', 'Humour']",21/09/2024,678200,1503,91156758,37424
Friendly Space Ninja,UCLuI5IP4nBr82VxClxp7Teg,91231753,681703,70,"['Film', 'Television_program', 'Entertainment', 'Humour']",22/09/2024,679703,2000,91194182,37571
Friendly Space Ninja,UCLuI5IP4nBr82VxClxp7Teg,91273118,683803,70,"['Television_program', 'Film', 'Entertainment', 'Humour']",23/09/2024,681703,2100,91231753,41365
Friendly Space Ninja,UCLuI5IP4nBr82VxClxp7Teg,91353329,685803,70,"['Television_program', 'Film', 'Entertainment', 'Humour']",24/09/2024,683803,2000,91273118,80211
Friendly Space Ninja,UCLuI5IP4nBr82VxClxp7Teg,91398963,687603,70,"['Television_program', 'Film', 'Entertainment', 'Humour']",25/09/2024,685803,1800,91353329,45634
Friendly Space Ninja,UCLuI5IP4nBr82VxClxp7Teg,91430963,689303,70,"['Television_program', 'Film', 'Entertainment', 'Humour']",26/09/2024,687603,1700,91398963,32000
Friendly Space Ninja,UCLuI5IP4nBr82VxClxp7Teg,91473724,690903,70,"['Television_program', 'Film', 'Entertainment', 'Humour']",27/09/2024,689303,1600,91430963,42761
Friendly Space Ninja,UCLuI5IP4nBr82VxClxp7Teg,91518999,692403,70,"['Television_program', 'Film', 'Entertainment', 'Humour']",28/09/2024,690903,1500,91473724,45275
Friendly Space Ninja,UCLuI5IP4nBr82VxClxp7Teg,91598999,694203,71,"['Television_program', 'Film', 'Entertainment', 'Humour']",29/09/2024,692403,1800,91518999,80000
Friendly Space Ninja,UCLuI5IP4nBr82VxClxp7Teg,91651999,696203,71,"['Television_program', 'Film', 'Entertainment', 'Humour']",30/09/2024,694203,2000,91598999,53000
Friendly Space Ninja,UCLuI5IP4nBr82VxClxp7Teg,91695427,698303,71,"['Television_program', 'Film', 'Entertainment', 'Humour']",01/10/2024,696203,2100,91651999,43428
Friendly Space Ninja,UCLuI5IP4nBr82VxClxp7Teg,91742983,700303,71,"['Television_program', 'Film', 'Entertainment', 'Humour']",02/10/2024,698303,2000,91695427,47556
GEN,UCF9OHrRasw-r4JcnBo4E2cg,101071935,451000,380,"['Politics', 'Society']",18/09/2024,0,,0,
GEN,UCF9OHrRasw-r4JcnBo4E2cg,101136752,454000,381,"['Politics', 'Society']",19/09/2024,451000,3000,101071935,64817
GEN,UCF9OHrRasw-r4JcnBo4E2cg,101198715,456000,382,"['Politics', 'Society']",20/09/2024,454000,2000,101136752,61963
GEN,UCF9OHrRasw-r4JcnBo4E2cg,101266609,460000,382,"['Society', 'Politics']",21/09/2024,456000,4000,101198715,67894
GEN,UCF9OHrRasw-r4JcnBo4E2cg,101266609,464000,382,"['Lifestyle_(sociology)', 'Society', 'Politics']",22/09/2024,460000,4000,101266609,0
GEN,UCF9OHrRasw-r4JcnBo4E2cg,101411327,469000,383,"['Politics', 'Society']",23/09/2024,464000,5000,101266609,144718
GEN,UCF9OHrRasw-r4JcnBo4E2cg,101537001,471000,385,"['Society', 'Politics']",24/09/2024,469000,2000,101411327,125674
GEN,UCF9OHrRasw-r4JcnBo4E2cg,101537001,473000,385,"['Society', 'Politics']",25/09/2024,471000,2000,101537001,0
GEN,UCF9OHrRasw-r4JcnBo4E2cg,101591701,475100,385,"['Politics', 'Society']",26/09/2024,473000,2100,101537001,54700
GEN,UCF9OHrRasw-r4JcnBo4E2cg,101636701,477600,386,"['Politics', 'Society']",27/09/2024,475100,2500,101591701,45000
GEN,UCF9OHrRasw-r4JcnBo4E2cg,101683988,480600,386,"['Politics', 'Society']",28/09/2024,477600,3000,101636701,47287
GEN,UCF9OHrRasw-r4JcnBo4E2cg,101826671,485100,386,"['Politics', 'Society']",29/09/2024,480600,4500,101683988,142683
GEN,UCF9OHrRasw-r4JcnBo4E2cg,101963501,490100,387,"['Politics', 'Society']",30/09/2024,485100,5000,101826671,136830
GEN,UCF9OHrRasw-r4JcnBo4E2cg,102036501,494100,387,"['Politics', 'Society']",01/10/2024,490100,4000,101963501,73000
GEN,UCF9OHrRasw-r4JcnBo4E2cg,102084211,497600,387,"['Politics', 'Society']",02/10/2024,494100,3500,102036501,47710
HenryHickmanSurvivor,UCRXZ2vhRmUqbNNPUbsEthLg,88436,1360,43,"['Entertainment', 'Television_program', 'Lifestyle_(sociology)']",18/09/2024,0,,0,
HenryHickmanSurvivor,UCRXZ2vhRmUqbNNPUbsEthLg,88836,1370,43,"['Entertainment', 'Television_program', 'Lifestyle_(sociology)']",19/09/2024,1360,10,88436,400
HenryHickmanSurvivor,UCRXZ2vhRmUqbNNPUbsEthLg,89436,1378,44,"['Lifestyle_(sociology)', 'Television_program', 'Entertainment']",20/09/2024,1370,8,88836,600
HenryHickmanSurvivor,UCRXZ2vhRmUqbNNPUbsEthLg,90136,1390,44,"['Entertainment', 'Television_program', 'Lifestyle_(sociology)']",21/09/2024,1378,12,89436,700
HenryHickmanSurvivor,UCRXZ2vhRmUqbNNPUbsEthLg,91141,1410,44,"['Entertainment', 'Television_program', 'Lifestyle_(sociology)']",22/09/2024,1390,20,90136,1005
HenryHickmanSurvivor,UCRXZ2vhRmUqbNNPUbsEthLg,92161,1432,44,"['Entertainment', 'Television_program', 'Lifestyle_(sociology)']",23/09/2024,1410,22,91141,1020
HenryHickmanSurvivor,UCRXZ2vhRmUqbNNPUbsEthLg,92961,1450,45,"['Entertainment', 'Television_program', 'Lifestyle_(sociology)']",24/09/2024,1432,18,92161,800
HenryHickmanSurvivor,UCRXZ2vhRmUqbNNPUbsEthLg,93561,1465,45,"['Entertainment', 'Television_program', 'Lifestyle_(sociology)']",25/09/2024,1450,15,92961,600
HenryHickmanSurvivor,UCRXZ2vhRmUqbNNPUbsEthLg,94061,1477,45,"['Entertainment', 'Television_program', 'Lifestyle_(sociology)']",26/09/2024,1465,12,93561,500
HenryHickmanSurvivor,UCRXZ2vhRmUqbNNPUbsEthLg,94461,1487,45,"['Entertainment', 'Television_program', 'Lifestyle_(sociology)']",27/09/2024,1477,10,94061,400
HenryHickmanSurvivor,UCRXZ2vhRmUqbNNPUbsEthLg,95061,1494,45,"['Entertainment', 'Television_program', 'Lifestyle_(sociology)']",28/09/2024,1487,7,94461,600
HenryHickmanSurvivor,UCRXZ2vhRmUqbNNPUbsEthLg,96011,1509,45,"['Entertainment', 'Television_program', 'Lifestyle_(sociology)']",29/09/2024,1494,15,95061,950
HenryHickmanSurvivor,UCRXZ2vhRmUqbNNPUbsEthLg,97071,1526,45,"['Entertainment', 'Television_program', 'Lifestyle_(sociology)']",30/09/2024,1509,17,96011,1060
HenryHickmanSurvivor,UCRXZ2vhRmUqbNNPUbsEthLg,98271,1543,45,"['Entertainment', 'Television_program', 'Lifestyle_(sociology)']",01/10/2024,1526,17,97071,1200
HenryHickmanSurvivor,UCRXZ2vhRmUqbNNPUbsEthLg,99221,1553,45,"['Entertainment', 'Television_program', 'Lifestyle_(sociology)']",02/10/2024,1543,10,98271,950
HeppyHenry,UCBWg8mmqPB9RGovOHZ5p-gg,236495,943,6,"['Film', 'Entertainment']",18/09/2024,0,,0,
HeppyHenry,UCBWg8mmqPB9RGovOHZ5p-gg,236622,943,6,"['Film', 'Entertainment']",19/09/2024,943,0,236495,127
HeppyHenry,UCBWg8mmqPB9RGovOHZ5p-gg,236718,947,6,"['Film', 'Entertainment']",20/09/2024,943,4,236622,96
HeppyHenry,UCBWg8mmqPB9RGovOHZ5p-gg,236793,947,6,"['Entertainment', 'Film']",21/09/2024,947,0,236718,75
HeppyHenry,UCBWg8mmqPB9RGovOHZ5p-gg,236793,947,6,"['Film', 'Entertainment']",22/09/2024,947,0,236793,0
HeppyHenry,UCBWg8mmqPB9RGovOHZ5p-gg,236979,947,6,"['Film', 'Entertainment']",23/09/2024,947,0,236793,186
HeppyHenry,UCBWg8mmqPB9RGovOHZ5p-gg,237200,947,6,"['Entertainment', 'Film']",24/09/2024,947,0,236979,221
HeppyHenry,UCBWg8mmqPB9RGovOHZ5p-gg,237400,947,6,"['Film', 'Entertainment']",25/09/2024,947,0,237200,200
HeppyHenry,UCBWg8mmqPB9RGovOHZ5p-gg,237600,947,6,"['Film', 'Entertainment']",26/09/2024,947,0,237400,200
HeppyHenry,UCBWg8mmqPB9RGovOHZ5p-gg,237850,947,6,"['Film', 'Entertainment']",27/09/2024,947,0,237600,250
HeppyHenry,UCBWg8mmqPB9RGovOHZ5p-gg,238030,947,6,"['Film', 'Entertainment']",28/09/2024,947,0,237850,180
HeppyHenry,UCBWg8mmqPB9RGovOHZ5p-gg,238280,947,6,"['Film', 'Entertainment']",29/09/2024,947,0,238030,250
HeppyHenry,UCBWg8mmqPB9RGovOHZ5p-gg,238550,947,6,"['Film', 'Entertainment']",30/09/2024,947,0,238280,270
HeppyHenry,UCBWg8mmqPB9RGovOHZ5p-gg,238720,947,6,"['Film', 'Entertainment']",01/10/2024,947,0,238550,170
HeppyHenry,UCBWg8mmqPB9RGovOHZ5p-gg,238870,947,6,"['Film', 'Entertainment']",02/10/2024,947,0,238720,150
Jack Roaming,UCn_8Xtx2pDAzbuslHzTk5xA,1722108,8840,156,"['Lifestyle_(sociology)', 'Tourism']",18/09/2024,0,,0,
Jack Roaming,UCn_8Xtx2pDAzbuslHzTk5xA,1726157,8950,157,"['Tourism', 'Lifestyle_(sociology)']",19/09/2024,8840,110,1722108,4049
Jack Roaming,UCn_8Xtx2pDAzbuslHzTk5xA,1735480,9050,157,"['Tourism', 'Lifestyle_(sociology)']",20/09/2024,8950,100,1726157,9323
Jack Roaming,UCn_8Xtx2pDAzbuslHzTk5xA,1742246,9230,157,"['Lifestyle_(sociology)', 'Tourism']",21/09/2024,9050,180,1735480,6766
Jack Roaming,UCn_8Xtx2pDAzbuslHzTk5xA,1749246,9430,157,"['Tourism', 'Lifestyle_(sociology)']",22/09/2024,9230,200,1742246,7000
Jack Roaming,UCn_8Xtx2pDAzbuslHzTk5xA,1753388,9660,157,"['Tourism', 'Lifestyle_(sociology)']",23/09/2024,9430,230,1749246,4142
Jack Roaming,UCn_8Xtx2pDAzbuslHzTk5xA,1758388,9860,157,"['Tourism', 'Lifestyle_(sociology)']",24/09/2024,9660,200,1753388,5000
Jack Roaming,UCn_8Xtx2pDAzbuslHzTk5xA,1762888,10040,157,"['Tourism', 'Lifestyle_(sociology)']",25/09/2024,9860,180,1758388,4500
Jack Roaming,UCn_8Xtx2pDAzbuslHzTk5xA,1767188,10190,157,"['Tourism', 'Lifestyle_(sociology)']",26/09/2024,10040,150,1762888,4300
Jack Roaming,UCn_8Xtx2pDAzbuslHzTk5xA,1772188,10320,157,"['Tourism', 'Lifestyle_(sociology)']",27/09/2024,10190,130,1767188,5000
Jack Roaming,UCn_8Xtx2pDAzbuslHzTk5xA,1777688,10500,157,"['Tourism', 'Lifestyle_(sociology)']",28/09/2024,10320,180,1772188,5500
Jack Roaming,UCn_8Xtx2pDAzbuslHzTk5xA,1784188,10700,157,"['Tourism', 'Lifestyle_(sociology)']",29/09/2024,10500,200,1777688,6500
Jack Roaming,UCn_8Xtx2pDAzbuslHzTk5xA,1791188,10920,157,"['Tourism', 'Lifestyle_(sociology)']",30/09/2024,10700,220,1784188,7000
Jack Roaming,UCn_8Xtx2pDAzbuslHzTk5xA,1799188,11160,157,"['Tourism', 'Lifestyle_(sociology)']",01/10/2024,10920,240,1791188,8000
Jack Roaming,UCn_8Xtx2pDAzbuslHzTk5xA,1805688,11360,157,"['Tourism', 'Lifestyle_(sociology)']",02/10/2024,11160,200,1799188,6500
Just Write,UCx0L2ZdYfiq-tsAXb8IXpQg,53864608,699000,82,"['Entertainment', 'Film', 'Lifestyle_(sociology)']",18/09/2024,0,,0,
Just Write,UCx0L2ZdYfiq-tsAXb8IXpQg,53870502,700000,82,"['Lifestyle_(sociology)', 'Film', 'Entertainment']",19/09/2024,699000,1000,53864608,5894
Just Write,UCx0L2ZdYfiq-tsAXb8IXpQg,53876340,701200,82,"['Entertainment', 'Film', 'Lifestyle_(sociology)']",20/09/2024,700000,1200,53870502,5838
Just Write,UCx0L2ZdYfiq-tsAXb8IXpQg,53880957,702500,82,"['Lifestyle_(sociology)', 'Film', 'Entertainment']",21/09/2024,701200,1300,53876340,4617
Just Write,UCx0L2ZdYfiq-tsAXb8IXpQg,53885151,704000,82,"['Entertainment', 'Film', 'Lifestyle_(sociology)']",22/09/2024,702500,1500,53880957,4194
Just Write,UCx0L2ZdYfiq-tsAXb8IXpQg,53889507,705800,82,"['Entertainment', 'Film', 'Lifestyle_(sociology)']",23/09/2024,704000,1800,53885151,4356
Just Write,UCx0L2ZdYfiq-tsAXb8IXpQg,53898156,707200,82,"['Entertainment', 'Film', 'Lifestyle_(sociology)']",24/09/2024,705800,1400,53889507,8649
Just Write,UCx0L2ZdYfiq-tsAXb8IXpQg,53904908,708400,82,"['Lifestyle_(sociology)', 'Film', 'Entertainment']",25/09/2024,707200,1200,53898156,6752
Just Write,UCx0L2ZdYfiq-tsAXb8IXpQg,53910108,709400,82,"['Lifestyle_(sociology)', 'Film', 'Entertainment']",26/09/2024,708400,1000,53904908,5200
Just Write,UCx0L2ZdYfiq-tsAXb8IXpQg,53914780,710400,82,"['Lifestyle_(sociology)', 'Film', 'Entertainment']",27/09/2024,709400,1000,53910108,4672
Just Write,UCx0L2ZdYfiq-tsAXb8IXpQg,53918900,711650,82,"['Lifestyle_(sociology)', 'Film', 'Entertainment']",28/09/2024,710400,1250,53914780,4120
Just Write,UCx0L2ZdYfiq-tsAXb8IXpQg,53924500,713200,83,"['Lifestyle_(sociology)', 'Film', 'Entertainment']",29/09/2024,711650,1550,53918900,5600
Just Write,UCx0L2ZdYfiq-tsAXb8IXpQg,53931250,714870,82,"['Lifestyle_(sociology)', 'Film', 'Entertainment']",30/09/2024,713200,1670,53924500,6750
Just Write,UCx0L2ZdYfiq-tsAXb8IXpQg,53938450,716670,82,"['Lifestyle_(sociology)', 'Film', 'Entertainment']",01/10/2024,714870,1800,53931250,7200
Just Write,UCx0L2ZdYfiq-tsAXb8IXpQg,53944450,718170,82,"['Lifestyle_(sociology)', 'Film', 'Entertainment']",02/10/2024,716670,1500,53938450,6000
Knightly,UCgfqoAmpedxpghT2ssyVPow,726661,10800,74,"['Entertainment', 'Film', 'Video_game_culture']",18/09/2024,0,,0,
Knightly,UCgfqoAmpedxpghT2ssyVPow,727244,10800,74,"['Entertainment', 'Film', 'Video_game_culture']",19/09/2024,10800,0,726661,583
Knightly,UCgfqoAmpedxpghT2ssyVPow,728141,10841,74,"['Entertainment', 'Film', 'Video_game_culture']",20/09/2024,10800,41,727244,897
Knightly,UCgfqoAmpedxpghT2ssyVPow,729642,10900,74,"['Entertainment', 'Film', 'Video_game_culture']",21/09/2024,10841,59,728141,1501
Knightly,UCgfqoAmpedxpghT2ssyVPow,732127,10900,74,"['Entertainment', 'Film', 'Video_game_culture']",22/09/2024,10900,0,729642,2485
Knightly,UCgfqoAmpedxpghT2ssyVPow,735473,10900,74,"['Entertainment', 'Film', 'Video_game_culture']",23/09/2024,10900,200,732127,3346
Knightly,UCgfqoAmpedxpghT2ssyVPow,738973,11000,74,"['Entertainment', 'Film', 'Video_game_culture']",24/09/2024,10900,200,735473,3500
Knightly,UCgfqoAmpedxpghT2ssyVPow,741873,11000,74,"['Video_game_culture', 'Film', 'Entertainment']",25/09/2024,11000,200,738973,2900
Knightly,UCgfqoAmpedxpghT2ssyVPow,744416,11000,74,"['Entertainment', 'Film', 'Video_game_culture']",26/09/2024,11000,0,741873,2543
Knightly,UCgfqoAmpedxpghT2ssyVPow,746516,11000,74,"['Entertainment', 'Film', 'Video_game_culture']",27/09/2024,11000,0,744416,2100
Knightly,UCgfqoAmpedxpghT2ssyVPow,748139,11000,74,"['Entertainment', 'Film', 'Video_game_culture']",28/09/2024,11000,0,746516,1623
Knightly,UCgfqoAmpedxpghT2ssyVPow,751141,11000,74,"['Entertainment', 'Film', 'Video_game_culture']",29/09/2024,11000,0,748139,3002
Knightly,UCgfqoAmpedxpghT2ssyVPow,754641,11000,74,"['Entertainment', 'Film', 'Video_game_culture']",30/09/2024,11000,0,751141,3500
Knightly,UCgfqoAmpedxpghT2ssyVPow,757272,11000,74,"['Entertainment', 'Film', 'Video_game_culture']",01/10/2024,11000,0,754641,2631
Knightly,UCgfqoAmpedxpghT2ssyVPow,759272,11000,74,"['Entertainment', 'Film', 'Video_game_culture']",02/10/2024,11000,0,757272,2000
Lannister,UCYxRHO-ZKBGu_HMajBVZJAg,4227204,3010,3,[],18/09/2024,0,,0,
Lannister,UCYxRHO-ZKBGu_HMajBVZJAg,4227795,3020,3,[],19/09/2024,3010,10,4227204,591
Lannister,UCYxRHO-ZKBGu_HMajBVZJAg,4229361,3032,3,[],21/09/2024,3020,12,4227795,1566
Lannister,UCYxRHO-ZKBGu_HMajBVZJAg,4230136,3046,3,[],22/09/2024,3032,14,4229361,775
Lannister,UCYxRHO-ZKBGu_HMajBVZJAg,4230846,3063,3,[],23/09/2024,3046,17,4230136,710
Lannister,UCYxRHO-ZKBGu_HMajBVZJAg,4232090,3073,3,[],24/09/2024,3063,10,4230846,1244
Lannister,UCYxRHO-ZKBGu_HMajBVZJAg,4232840,3084,3,[],25/09/2024,3073,11,4232090,750
Lannister,UCYxRHO-ZKBGu_HMajBVZJAg,4240690,3097,3,[],26/09/2024,3084,13,4232840,7850
Lannister,UCYxRHO-ZKBGu_HMajBVZJAg,4241790,3109,3,[],27/09/2024,3097,12,4240690,1100
Lannister,UCYxRHO-ZKBGu_HMajBVZJAg,4242990,3123,3,[],28/09/2024,3109,14,4241790,1200
Lannister,UCYxRHO-ZKBGu_HMajBVZJAg,4244490,3141,3,[],29/09/2024,3123,18,4242990,1500
Lannister,UCYxRHO-ZKBGu_HMajBVZJAg,4246190,3160,3,[],30/09/2024,3141,19,4244490,1700
Lannister,UCYxRHO-ZKBGu_HMajBVZJAg,4247314,3177,3,[],01/10/2024,3160,17,4246190,1124
Lannister,UCYxRHO-ZKBGu_HMajBVZJAg,4248134,3192,3,[],02/10/2024,3177,15,4247314,820
Misha Petrov,UCsvMBYWqE7UW6VosUQtW8Ug,90693446,423000,554,"['Entertainment', 'Lifestyle_(sociology)', 'Society']",18/09/2024,0,,0,
Misha Petrov,UCsvMBYWqE7UW6VosUQtW8Ug,90766689,423500,554,"['Society', 'Lifestyle_(sociology)', 'Entertainment']",19/09/2024,423000,500,90693446,73243
Misha Petrov,UCsvMBYWqE7UW6VosUQtW8Ug,90816621,424100,555,"['Entertainment', 'Lifestyle_(sociology)', 'Society']",20/09/2024,423500,600,90766689,49932
Misha Petrov,UCsvMBYWqE7UW6VosUQtW8Ug,90873264,424800,556,"['Entertainment', 'Lifestyle_(sociology)', 'Society']",21/09/2024,424100,700,90816621,56643
Misha Petrov,UCsvMBYWqE7UW6VosUQtW8Ug,90918266,425600,557,"['Entertainment', 'Politics', 'Society', 'Lifestyle_(sociology)']",22/09/2024,424800,800,90873264,45002
Misha Petrov,UCsvMBYWqE7UW6VosUQtW8Ug,91004693,426300,557,"['Entertainment', 'Politics', 'Society', 'Lifestyle_(sociology)']",23/09/2024,425600,700,90918266,86427
Misha Petrov,UCsvMBYWqE7UW6VosUQtW8Ug,91116419,426900,559,"['Entertainment', 'Politics', 'Society', 'Lifestyle_(sociology)']",24/09/2024,426300,600,91004693,111726
Misha Petrov,UCsvMBYWqE7UW6VosUQtW8Ug,91215171,427400,559,"['Society', 'Politics', 'Entertainment', 'Lifestyle_(sociology)']",25/09/2024,426900,500,91116419,98752
Misha Petrov,UCsvMBYWqE7UW6VosUQtW8Ug,91302671,427950,559,"['Society', 'Lifestyle_(sociology)', 'Entertainment']",26/09/2024,427400,550,91215171,87500
Misha Petrov,UCsvMBYWqE7UW6VosUQtW8Ug,91366523,428550,559,"['Society', 'Lifestyle_(sociology)', 'Entertainment']",27/09/2024,427950,600,91302671,63852
Misha Petrov,UCsvMBYWqE7UW6VosUQtW8Ug,91425265,429250,559,"['Society', 'Lifestyle_(sociology)', 'Entertainment']",28/09/2024,428550,700,91366523,58742
Misha Petrov,UCsvMBYWqE7UW6VosUQtW8Ug,91505317,430050,560,"['Society', 'Lifestyle_(sociology)', 'Entertainment']",29/09/2024,429250,800,91425265,80052
Misha Petrov,UCsvMBYWqE7UW6VosUQtW8Ug,91595573,430750,560,"['Society', 'Lifestyle_(sociology)', 'Entertainment']",30/09/2024,430050,700,91505317,90256
Misha Petrov,UCsvMBYWqE7UW6VosUQtW8Ug,91707120,431350,560,"['Society', 'Lifestyle_(sociology)', 'Entertainment']",01/10/2024,430750,600,91595573,111547
Misha Petrov,UCsvMBYWqE7UW6VosUQtW8Ug,91807376,431850,560,"['Society', 'Lifestyle_(sociology)', 'Entertainment']",02/10/2024,431350,500,91707120,100256
Movie LUTs,UCeUJnpfT5YHfP1w994GnlLA,13721647,66200,508,"['Film', 'Entertainment']",18/09/2024,0,,0,
Movie LUTs,UCeUJnpfT5YHfP1w994GnlLA,13743472,67500,508,"['Film', 'Entertainment']",19/09/2024,66200,1300,13721647,21825
Movie LUTs,UCeUJnpfT5YHfP1w994GnlLA,13767957,68200,509,"['Film', 'Entertainment']",20/09/2024,67500,700,13743472,24485
Movie LUTs,UCeUJnpfT5YHfP1w994GnlLA,13787332,69700,510,"['Film', 'Entertainment']",21/09/2024,68200,1500,13767957,19375
Movie LUTs,UCeUJnpfT5YHfP1w994GnlLA,13811332,71200,510,"['Film', 'Entertainment']",22/09/2024,69700,1500,13787332,24000
Movie LUTs,UCeUJnpfT5YHfP1w994GnlLA,13834332,72800,510,"['Film', 'Entertainment']",23/09/2024,71200,1600,13811332,23000
Movie LUTs,UCeUJnpfT5YHfP1w994GnlLA,13854332,73400,510,"['Entertainment', 'Film']",24/09/2024,72800,600,13834332,20000
Movie LUTs,UCeUJnpfT5YHfP1w994GnlLA,13873332,74000,510,"['Film', 'Entertainment']",25/09/2024,73400,600,13854332,19000
Movie LUTs,UCeUJnpfT5YHfP1w994GnlLA,13891332,74700,510,"['Film', 'Entertainment']",26/09/2024,74000,700,13873332,18000
Movie LUTs,UCeUJnpfT5YHfP1w994GnlLA,13912332,75550,510,"['Film', 'Entertainment']",27/09/2024,74700,850,13891332,21000
Movie LUTs,UCeUJnpfT5YHfP1w994GnlLA,13936332,76650,510,"['Film', 'Entertainment']",28/09/2024,75550,1100,13912332,24000
Movie LUTs,UCeUJnpfT5YHfP1w994GnlLA,13961332,77850,510,"['Film', 'Entertainment']",29/09/2024,76650,1200,13936332,25000
Movie LUTs,UCeUJnpfT5YHfP1w994GnlLA,13985332,79350,510,"['Film', 'Entertainment']",30/09/2024,77850,1500,13961332,24000
Movie LUTs,UCeUJnpfT5YHfP1w994GnlLA,14008332,80230,510,"['Film', 'Entertainment']",01/10/2024,79350,880,13985332,23000
Movie LUTs,UCeUJnpfT5YHfP1w994GnlLA,14030332,80980,510,"['Film', 'Entertainment']",02/10/2024,80230,750,14008332,22000
Ooga Booga,UCKlMPy41LVy6J0WINJgd0OA,56907162,98979,64,"['Humour', 'Entertainment', 'Film']",18/09/2024,0,,0,
Ooga Booga,UCKlMPy41LVy6J0WINJgd0OA,56944249,770000,64,"['Humour', 'Entertainment', 'Film']",19/09/2024,98979,1000,56907162,37087
Ooga Booga,UCKlMPy41LVy6J0WINJgd0OA,56980571,772956,64,"['Humour', 'Entertainment', 'Film']",20/09/2024,770000,1000,56944249,36322
Ooga Booga,UCKlMPy41LVy6J0WINJgd0OA,57009808,772956,64,"['Humour', 'Entertainment', 'Film']",21/09/2024,772956,2000,56980571,29237
Ooga Booga,UCKlMPy41LVy6J0WINJgd0OA,57036308,772956,64,"['Film', 'Entertainment', 'Humour']",22/09/2024,772956,2000,57009808,26500
Ooga Booga,UCKlMPy41LVy6J0WINJgd0OA,57063783,772956,64,"['Film', 'Entertainment', 'Humour']",23/09/2024,772956,2000,57036308,27475
Ooga Booga,UCKlMPy41LVy6J0WINJgd0OA,57109815,772956,64,"['Humour', 'Entertainment', 'Film']",24/09/2024,772956,1000,57063783,46032
Ooga Booga,UCKlMPy41LVy6J0WINJgd0OA,57145615,772956,64,"['Film', 'Entertainment', 'Humour']",25/09/2024,772956,1000,57109815,35800
Ooga Booga,UCKlMPy41LVy6J0WINJgd0OA,57173415,774156,64,"['Humour', 'Entertainment', 'Film']",26/09/2024,772956,1200,57145615,27800
Ooga Booga,UCKlMPy41LVy6J0WINJgd0OA,57199215,775156,64,"['Humour', 'Entertainment', 'Film']",27/09/2024,774156,1000,57173415,25800
Ooga Booga,UCKlMPy41LVy6J0WINJgd0OA,57231275,776656,64,"['Humour', 'Entertainment', 'Film']",28/09/2024,775156,1500,57199215,32060
Ooga Booga,UCKlMPy41LVy6J0WINJgd0OA,57273275,778656,64,"['Humour', 'Entertainment', 'Film']",29/09/2024,776656,2000,57231275,42000
Ooga Booga,UCKlMPy41LVy6J0WINJgd0OA,57318775,780456,64,"['Humour', 'Entertainment', 'Film']",30/09/2024,778656,1800,57273275,45500
Ooga Booga,UCKlMPy41LVy6J0WINJgd0OA,57348775,781856,64,"['Humour', 'Entertainment', 'Film']",01/10/2024,780456,1400,57318775,30000
Ooga Booga,UCKlMPy41LVy6J0WINJgd0OA,57383975,783156,64,"['Humour', 'Entertainment', 'Film']",02/10/2024,781856,1300,57348775,35200
Overanalyzing Avatar,UCarhVHQDU63divhaYPScVnQ,85769851,386000,151,"['Film', 'Entertainment', 'Television_program']",18/09/2024,0,,0,
Overanalyzing Avatar,UCarhVHQDU63divhaYPScVnQ,85811851,386800,151,"['Television_program', 'Entertainment', 'Film']",19/09/2024,386000,800,85769851,42000
Overanalyzing Avatar,UCarhVHQDU63divhaYPScVnQ,85856851,387482,151,"['Film', 'Entertainment', 'Television_program']",20/09/2024,386800,960,85811851,45000
Overanalyzing Avatar,UCarhVHQDU63divhaYPScVnQ,85903851,387482,151,"['Film', 'Entertainment', 'Television_program']",21/09/2024,387482,1000,85856851,47000
Overanalyzing Avatar,UCarhVHQDU63divhaYPScVnQ,85959851,387482,151,"['Film', 'Entertainment', 'Television_program']",22/09/2024,387482,1000,85903851,56000
Overanalyzing Avatar,UCarhVHQDU63divhaYPScVnQ,86020851,387482,151,"['Television_program', 'Entertainment', 'Film']",23/09/2024,387482,1000,85959851,61000
Overanalyzing Avatar,UCarhVHQDU63divhaYPScVnQ,86069851,387482,152,"['Film', 'Entertainment', 'Television_program']",24/09/2024,387482,2000,86020851,49000
Overanalyzing Avatar,UCarhVHQDU63divhaYPScVnQ,86114851,387482,151,"['Television_program', 'Entertainment', 'Film']",26/09/2024,387482,1500,86069851,45000
Overanalyzing Avatar,UCarhVHQDU63divhaYPScVnQ,86155851,387482,151,"['Television_program', 'Entertainment', 'Film']",27/09/2024,387482,1200,86114851,41000
Overanalyzing Avatar,UCarhVHQDU63divhaYPScVnQ,86195851,387482,151,"['Television_program', 'Entertainment', 'Film']",28/09/2024,387482,1482,86155851,40000
Overanalyzing Avatar,UCarhVHQDU63divhaYPScVnQ,86245851,387482,151,"['Television_program', 'Entertainment', 'Film']",29/09/2024,387482,2000,86195851,50000
Overanalyzing Avatar,UCarhVHQDU63divhaYPScVnQ,86301851,387482,151,"['Television_program', 'Entertainment', 'Film']",30/09/2024,387482,2100,86245851,56000
Overanalyzing Avatar,UCarhVHQDU63divhaYPScVnQ,86364851,387482,151,"['Television_program', 'Entertainment', 'Film']",01/10/2024,387482,1700,86301851,63000
Overanalyzing Avatar,UCarhVHQDU63divhaYPScVnQ,86416851,387482,151,"['Television_program', 'Entertainment', 'Film']",02/10/2024,387482,1500,86364851,52000
Peridiam,UCpatRH8TZtiPI3166RLhn0w,68982756,160000,407,"['Entertainment', 'Television_program']",18/09/2024,0,,0,
Peridiam,UCpatRH8TZtiPI3166RLhn0w,68993593,160100,407,"['Entertainment', 'Television_program']",19/09/2024,160000,100,68982756,10837
Peridiam,UCpatRH8TZtiPI3166RLhn0w,69004506,160220,408,"['Entertainment', 'Television_program']",20/09/2024,160100,120,68993593,10913
Peridiam,UCpatRH8TZtiPI3166RLhn0w,69028538,160370,408,"['Television_program', 'Entertainment']",21/09/2024,160220,150,69004506,24032
Peridiam,UCpatRH8TZtiPI3166RLhn0w,69053562,160587,408,"['Entertainment', 'Television_program']",22/09/2024,160370,217,69028538,25024
Peridiam,UCpatRH8TZtiPI3166RLhn0w,69079582,160887,408,"['Entertainment', 'Television_program']",23/09/2024,160587,300,69053562,26020
Peridiam,UCpatRH8TZtiPI3166RLhn0w,69106082,161087,408,"['Television_program', 'Entertainment']",24/09/2024,160887,200,69079582,26500
Peridiam,UCpatRH8TZtiPI3166RLhn0w,69130162,161267,408,"['Entertainment', 'Television_program']",25/09/2024,161087,180,69106082,24080
Peridiam,UCpatRH8TZtiPI3166RLhn0w,69153162,161417,407,"['Entertainment', 'Television_program']",26/09/2024,161267,150,69130162,23000
Peridiam,UCpatRH8TZtiPI3166RLhn0w,69175162,161537,407,"['Entertainment', 'Television_program']",27/09/2024,161417,120,69153162,22000
Peridiam,UCpatRH8TZtiPI3166RLhn0w,69196162,161647,407,"['Entertainment', 'Television_program']",28/09/2024,161537,110,69175162,21000
Peridiam,UCpatRH8TZtiPI3166RLhn0w,69221162,161837,407,"['Entertainment', 'Television_program']",29/09/2024,161647,190,69196162,25000
Peridiam,UCpatRH8TZtiPI3166RLhn0w,69247162,162057,407,"['Entertainment', 'Television_program']",30/09/2024,161837,220,69221162,26000
Peridiam,UCpatRH8TZtiPI3166RLhn0w,69273662,162207,407,"['Entertainment', 'Television_program']",01/10/2024,162057,150,69247162,26500
Peridiam,UCpatRH8TZtiPI3166RLhn0w,69298662,162367,407,"['Entertainment', 'Television_program']",02/10/2024,162207,160,69273662,25000
RonenGG,UChSIyB6AOHUECsjIMYMCYmQ,76563794,486000,281,"['Food', 'Entertainment', 'Lifestyle_(sociology)']",18/09/2024,0,,0,
RonenGG,UChSIyB6AOHUECsjIMYMCYmQ,76586895,487000,281,"['Food', 'Entertainment', 'Lifestyle_(sociology)']",19/09/2024,486000,1000,76563794,23101
RonenGG,UChSIyB6AOHUECsjIMYMCYmQ,76610402,487800,281,"['Food', 'Entertainment', 'Lifestyle_(sociology)']",20/09/2024,487000,800,76586895,23507
RonenGG,UChSIyB6AOHUECsjIMYMCYmQ,76631536,488700,281,"['Lifestyle_(sociology)', 'Entertainment', 'Food']",21/09/2024,487800,900,76610402,21134
RonenGG,UChSIyB6AOHUECsjIMYMCYmQ,76654277,489400,281,"['Lifestyle_(sociology)', 'Entertainment', 'Food']",22/09/2024,488700,700,76631536,22741
RonenGG,UChSIyB6AOHUECsjIMYMCYmQ,76680429,490600,281,"['Lifestyle_(sociology)', 'Entertainment', 'Food']",23/09/2024,489400,1200,76654277,26152
RonenGG,UChSIyB6AOHUECsjIMYMCYmQ,76714219,491900,281,"['Lifestyle_(sociology)', 'Entertainment', 'Food']",24/09/2024,490600,1300,76680429,33790
RonenGG,UChSIyB6AOHUECsjIMYMCYmQ,76744219,492900,281,"['Food', 'Entertainment', 'Lifestyle_(sociology)']",25/09/2024,491900,1000,76714219,30000
RonenGG,UChSIyB6AOHUECsjIMYMCYmQ,76769219,494100,281,"['Food', 'Entertainment', 'Lifestyle_(sociology)']",26/09/2024,492900,1200,76744219,25000
RonenGG,UChSIyB6AOHUECsjIMYMCYmQ,76792219,495400,281,"['Food', 'Entertainment', 'Lifestyle_(sociology)']",27/09/2024,494100,1300,76769219,23000
RonenGG,UChSIyB6AOHUECsjIMYMCYmQ,76813219,496800,281,"['Food', 'Entertainment', 'Lifestyle_(sociology)']",28/09/2024,495400,1400,76792219,21000
RonenGG,UChSIyB6AOHUECsjIMYMCYmQ,76839219,497800,281,"['Food', 'Entertainment', 'Lifestyle_(sociology)']",29/09/2024,496800,1000,76813219,26000
RonenGG,UChSIyB6AOHUECsjIMYMCYmQ,76866219,498690,281,"['Food', 'Entertainment', 'Lifestyle_(sociology)']",30/09/2024,497800,890,76839219,27000
RonenGG,UChSIyB6AOHUECsjIMYMCYmQ,76896219,499690,281,"['Food', 'Entertainment', 'Lifestyle_(sociology)']",01/10/2024,498690,1000,76866219,30000
RonenGG,UChSIyB6AOHUECsjIMYMCYmQ,76930219,500590,281,"['Food', 'Entertainment', 'Lifestyle_(sociology)']",02/10/2024,499690,900,76896219,34000
Serena Skybourne,UCVAqH2wkIB1Y1lNVzZw0bQw,7726633,58500,117,"['Film', 'Entertainment', 'Television_program']",18/09/2024,0,,0,
Serena Skybourne,UCVAqH2wkIB1Y1lNVzZw0bQw,7735682,58700,117,"['Film', 'Entertainment', 'Television_program']",19/09/2024,58500,200,7726633,9049
Serena Skybourne,UCVAqH2wkIB1Y1lNVzZw0bQw,7743188,58800,117,"['Television_program', 'Entertainment', 'Film']",20/09/2024,58700,100,7735682,7506
Serena Skybourne,UCVAqH2wkIB1Y1lNVzZw0bQw,7749175,59000,117,"['Film', 'Entertainment', 'Television_program']",21/09/2024,58800,200,7743188,5987
Serena Skybourne,UCVAqH2wkIB1Y1lNVzZw0bQw,7755146,59300,117,"['Film', 'Entertainment', 'Television_program']",22/09/2024,59000,300,7749175,5971
Serena Skybourne,UCVAqH2wkIB1Y1lNVzZw0bQw,7761510,59600,117,"['Television_program', 'Entertainment', 'Film']",23/09/2024,59300,300,7755146,6364
Serena Skybourne,UCVAqH2wkIB1Y1lNVzZw0bQw,7774458,59700,118,"['Film', 'Entertainment', 'Television_program']",24/09/2024,59600,100,7761510,12948
Serena Skybourne,UCVAqH2wkIB1Y1lNVzZw0bQw,7782958,59800,118,"['Film', 'Entertainment', 'Television_program']",25/09/2024,59700,100,7774458,8500
Serena Skybourne,UCVAqH2wkIB1Y1lNVzZw0bQw,7790258,60000,117,"['Film', 'Entertainment', 'Television_program']",26/09/2024,59800,200,7782958,7300
Serena Skybourne,UCVAqH2wkIB1Y1lNVzZw0bQw,7796158,60150,117,"['Film', 'Entertainment', 'Television_program']",27/09/2024,60000,150,7790258,5900
Serena Skybourne,UCVAqH2wkIB1Y1lNVzZw0bQw,7802558,60250,117,"['Film', 'Entertainment', 'Television_program']",28/09/2024,60150,100,7796158,6400
Serena Skybourne,UCVAqH2wkIB1Y1lNVzZw0bQw,7810358,60350,117,"['Film', 'Entertainment', 'Television_program']",29/09/2024,60250,100,7802558,7800
Serena Skybourne,UCVAqH2wkIB1Y1lNVzZw0bQw,7820058,60550,117,"['Film', 'Entertainment', 'Television_program']",30/09/2024,60350,200,7810358,9700
Serena Skybourne,UCVAqH2wkIB1Y1lNVzZw0bQw,7831108,60800,117,"['Film', 'Entertainment', 'Television_program']",01/10/2024,60550,250,7820058,11050
Serena Skybourne,UCVAqH2wkIB1Y1lNVzZw0bQw,7843108,61100,117,"['Film', 'Entertainment', 'Television_program']",02/10/2024,60800,300,7831108,12000
Simon & Schuster Books,UC76b6XAkcfMLqgCV4xBuoTQ,55566576,98600,3719,"['Society', 'Lifestyle_(sociology)']",18/09/2024,0,,0,
Simon & Schuster Books,UC76b6XAkcfMLqgCV4xBuoTQ,55572795,98700,3720,"['Lifestyle_(sociology)', 'Society']",19/09/2024,98600,100,55566576,6219
Simon & Schuster Books,UC76b6XAkcfMLqgCV4xBuoTQ,55580802,98820,3721,"['Lifestyle_(sociology)', 'Society']",20/09/2024,98700,120,55572795,8007
Simon & Schuster Books,UC76b6XAkcfMLqgCV4xBuoTQ,55586571,99030,3721,"['Society', 'Lifestyle_(sociology)']",21/09/2024,98820,210,55580802,5769
Simon & Schuster Books,UC76b6XAkcfMLqgCV4xBuoTQ,55592571,99210,3724,"['Society', 'Lifestyle_(sociology)']",24/09/2024,99030,180,55586571,6000
Simon & Schuster Books,UC76b6XAkcfMLqgCV4xBuoTQ,55599571,99380,3724,"['Lifestyle_(sociology)', 'Society']",25/09/2024,99210,170,55592571,7000
Simon & Schuster Books,UC76b6XAkcfMLqgCV4xBuoTQ,55606071,99530,3720,"['Lifestyle_(sociology)', 'Society']",26/09/2024,99380,150,55599571,6500
Simon & Schuster Books,UC76b6XAkcfMLqgCV4xBuoTQ,55613071,99660,3720,"['Lifestyle_(sociology)', 'Society']",27/09/2024,99530,130,55606071,7000
Simon & Schuster Books,UC76b6XAkcfMLqgCV4xBuoTQ,55620571,99760,3720,"['Lifestyle_(sociology)', 'Society']",28/09/2024,99660,100,55613071,7500
Simon & Schuster Books,UC76b6XAkcfMLqgCV4xBuoTQ,55629071,99950,3720,"['Lifestyle_(sociology)', 'Society']",29/09/2024,99760,190,55620571,8500
Simon & Schuster Books,UC76b6XAkcfMLqgCV4xBuoTQ,55637071,100170,3720,"['Lifestyle_(sociology)', 'Society']",30/09/2024,99950,220,55629071,8000
Simon & Schuster Books,UC76b6XAkcfMLqgCV4xBuoTQ,55644071,100370,3720,"['Lifestyle_(sociology)', 'Society']",01/10/2024,100170,200,55637071,7000
Simon & Schuster Books,UC76b6XAkcfMLqgCV4xBuoTQ,55650571,100530,3720,"['Lifestyle_(sociology)', 'Society']",02/10/2024,100370,160,55644071,6500
,,,,,,,,,,
,,,,,,,,,,
,,,,,,,,,,
,,,,,,,,,,
,,,,,,,,,,
,,,,,,,,,,
,,,,,,,,,,
,,,,,,,,,,
,,,,,,,,,,
,,,,,,,,,,
,,,,,,,,,,
,,,,,,,,,,
,,,,,,,,,,
,,,,,,,,,,
,,,,,,,,,,
,,,,,,,,,,
,,,,,,,,,,
,,,,,,,,,,
,,,,,,,,,,
,,,,,,,,,,
,,,,,,,,,,
,,,,,,,,,,
,,,,,,,,,,
,,,,,,,,,,
,,,,,,,,,,
,,,,,,,,,,
,,,,,,,,,,
,,,,,,,,,,
,,,,,,,,,,
,,,,,,,,,,
,,,,,,,,,,
,,,,,,,,,,
,,,,,,,,,,
,,,,,,,,,,
,,,,,,,,,,
,,,,,,,,,,
,,,,,,,,,,
,,,,,,,,,,
,,,,,,,,,,
,,,,,,,,,,
,,,,,,,,,,
,,,,,,,,,,
,,,,,,,,,,
,,,,,,,,,,
,,,,,,,,,,
,,,,,,,,,,
,,,,,,,,,,
,,,,,,,,,,
,,,,,,,,,,
,,,,,,,,,,
